sep=	
time (source1)	data.0	data.1	data.2	data.3	data.4	data.5	data.6	
0	4.16	46.986	-12.508	40.564	63.321	1	1	
0.097	4.31	43.236	-13.858	39.364	60.09	1	1	
0.215	4.43	42.636	-13.408	40.564	60.357	1	1	
0.333	4.54	43.836	-13.708	39.664	60.685	1	1	
0.439	4.65	43.086	-13.108	39.964	60.21	1	1	
0.553	4.76	43.386	-13.258	40.864	61.057	1	1	
0.707	4.91	42.486	-13.708	41.014	60.622	1	1	
0.813	5.02	43.386	-13.408	40.264	60.69	1	1	
0.926	5.13	42.636	-13.558	40.864	60.593	1	1	
1.033	5.24	42.786	-13.408	39.514	59.764	1	1	
1.147	5.35	43.386	-13.408	40.864	61.089	1	1	
1.257	5.47	42.186	-12.958	41.164	60.349	1	1	
1.374	5.58	38.136	-11.908	41.014	57.256	1	1	
1.53	5.73	36.336	-11.908	42.364	57.068	1	1	
1.641	5.84	34.836	-10.558	43.864	57	1	1	
1.749	5.95	34.536	-11.758	44.014	57.168	1	1	
1.858	6.06	33.036	-10.108	43.564	55.6	1	1	
1.964	6.17	31.386	-10.108	44.164	55.115	1	1	
2.075	6.28	31.686	-8.908	45.064	55.804	1	1	
2.19	6.39	31.236	-9.358	43.564	54.415	1	1	
2.365	6.56	30.486	-9.958	44.164	54.58	1	1	
2.469	6.67	31.386	-9.058	45.364	55.901	1	1	
2.582	6.78	28.986	-8.608	44.764	54.019	1	1	
2.691	6.89	29.886	-8.008	45.664	55.158	1	1	
2.805	7	30.186	-9.208	44.314	54.403	1	1	
2.916	7.12	37.386	-11.308	39.964	55.881	1	1	
3.031	7.23	39.186	-13.108	39.664	57.276	1	1	
5.134	9.31	135.036	-106.108	45.814	177.742	2	1	
5.228	9.43	133.536	-101.158	55.864	176.594	2	1	
5.341	9.54	132.786	-96.658	61.714	175.452	2	1	
5.453	9.65	132.336	-96.958	62.614	175.596	2	1	
5.569	9.76	132.786	-97.408	62.164	176.025	2	1	
5.687	9.88	132.786	-96.808	61.864	175.587	2	1	
5.848	10.04	132.936	-97.258	62.914	176.321	2	1	
5.963	10.15	132.786	-96.808	62.314	175.746	2	1	
6.072	10.27	132.486	-97.258	63.064	176.036	2	1	
6.184	10.38	131.886	-96.958	61.564	174.885	2	1	
6.3	10.49	131.886	-96.808	61.414	174.749	2	1	
6.406	10.6	132.336	-96.808	61.864	175.247	2	1	
6.562	10.76	132.636	-96.508	62.464	175.521	2	1	
6.7	10.89	132.036	-96.508	61.564	174.749	2	1	
6.806	11	132.636	-96.958	62.314	175.716	2	1	
6.943	11.12	132.036	-96.508	61.864	174.855	2	1	
7.04	11.23	132.186	-96.658	62.614	175.318	2	1	
7.151	11.34	132.936	-96.208	62.914	175.744	2	1	
7.269	11.46	133.086	-96.958	63.064	176.323	2	1	
7.424	11.61	132.186	-96.508	62.314	175.128	2	1	
7.541	11.73	131.736	-97.108	62.314	175.121	2	1	
7.658	11.85	132.036	-96.658	62.164	175.044	2	1	
7.776	11.97	132.336	-96.958	62.464	175.543	2	1	
7.89	12.08	132.186	-96.208	62.764	175.124	2	1	
8.007	12.19	132.336	-97.258	63.514	176.085	2	1	
8.197	12.39	132.636	-95.908	62.764	175.299	2	1	
8.309	12.5	132.636	-96.958	62.614	175.822	2	1	
8.428	12.61	132.336	-97.858	62.164	175.935	2	1	
8.534	12.72	132.036	-96.358	63.214	175.255	2	1	
8.65	12.84	132.486	-96.958	61.414	175.285	2	1	
8.767	12.95	132.336	-97.258	62.764	175.815	2	1	
8.976	13.1	131.886	-96.508	62.914	175.116	2	1	
9.022	13.21	132.786	-94.858	62.164	174.626	2	1	
9.141	13.33	133.986	-95.008	62.314	175.675	2	1	
9.254	13.44	134.886	-95.008	62.164	176.309	2	1	
9.366	13.55	132.636	-94.708	63.064	174.754	2	1	
9.481	13.66	133.386	-94.858	62.914	175.351	2	1	
9.64	13.82	133.986	-94.408	63.364	175.727	2	1	
11.656	15.83	51.336	-356.608	67.414	366.536	3	1	
11.772	15.95	54.186	-353.008	70.114	363.959	3	1	
11.881	16.06	57.486	-348.808	72.514	360.873	3	1	
11.998	16.17	59.136	-346.558	71.314	358.727	3	1	
12.105	16.28	66.336	-339.058	78.964	354.395	3	1	
12.217	16.39	65.736	-338.008	77.314	352.913	3	1	
12.379	16.55	65.886	-338.908	76.714	353.673	3	1	
12.49	16.67	64.986	-339.358	77.464	354.101	3	1	
12.611	16.79	65.886	-339.358	77.314	354.234	3	1	
12.729	16.9	65.736	-338.908	76.864	353.677	3	1	
12.848	17.02	65.886	-339.058	77.314	353.947	3	1	
12.969	17.13	65.586	-339.508	77.464	354.355	3	1	
13.146	17.32	66.936	-338.758	77.614	353.922	3	1	
13.257	17.43	67.386	-338.608	76.864	353.7	3	1	
13.37	17.54	67.236	-339.208	77.914	354.476	3	1	
13.486	17.65	66.486	-339.208	77.014	354.137	3	1	
13.596	17.76	66.786	-338.758	76.714	353.698	3	1	
13.706	17.87	66.636	-338.758	76.564	353.637	3	1	
13.855	18.02	67.536	-338.908	77.764	354.213	3	1	
13.964	18.13	66.786	-338.308	76.864	353.299	3	1	
14.077	18.25	67.386	-338.458	76.714	353.524	3	1	
14.196	18.36	66.186	-337.858	77.014	352.788	3	1	
14.322	18.49	67.536	-339.658	77.014	354.767	3	1	
14.43	18.6	67.236	-339.208	76.414	354.149	3	1	
14.59	18.75	67.086	-339.208	77.314	354.316	3	1	
14.697	18.87	67.086	-338.458	77.764	353.697	3	1	
14.813	18.98	67.086	-338.608	77.614	353.807	3	1	
14.925	19.09	67.386	-337.858	77.464	353.114	3	1	
15.039	19.21	71.136	-344.608	79.114	360.657	3	1	
15.156	19.32	79.836	-354.358	81.514	372.273	3	1	
15.262	19.43	78.036	-354.058	84.064	372.173	3	1	
15.403	19.57	74.286	-352.708	85.264	370.393	3	1	
15.512	19.68	73.836	-353.008	85.564	370.658	3	1	
15.637	19.8	75.036	-351.358	85.564	369.329	3	1	
15.752	19.92	75.936	-352.258	84.064	370.025	3	1	
15.872	20.03	75.636	-353.008	81.964	370.207	3	1	
17.905	22.05	-188.814	-298.108	54.364	357.035	4	1	
18.046	22.21	-183.714	-299.608	53.764	355.536	4	1	
18.178	22.33	-182.364	-299.458	53.614	354.691	4	1	
18.294	22.45	-182.364	-300.958	54.814	355.257	4	1	
18.41	22.56	-182.964	-300.658	54.514	356.15	4	1	
18.522	22.68	-183.114	-300.208	53.764	355.733	4	1	
18.638	22.79	-183.564	-299.458	54.064	355.378	4	1	
18.79	22.95	-182.664	-299.908	54.664	355.385	4	1	
18.91	23.07	-182.214	-300.508	54.964	355.707	4	1	
19.021	23.18	-181.614	-300.058	54.664	354.974	4	1	
19.139	23.29	-182.814	-299.758	55.414	355.452	4	1	
19.26	23.41	-182.514	-300.658	54.814	355.965	4	1	
19.382	23.53	-182.814	-300.058	53.764	355.452	4	1	
19.545	23.69	-181.614	-300.958	54.214	355.666	4	1	
19.659	23.81	-182.364	-299.308	54.514	354.702	4	1	
19.772	23.92	-182.364	-299.758	53.914	354.99	4	1	
19.882	24.03	-181.314	-300.358	54.364	355.028	4	1	
20.005	24.15	-181.914	-301.108	53.764	355.878	4	1	
20.113	24.27	-183.114	-300.958	53.914	356.389	4	1	
20.286	24.44	-182.514	-300.208	54.214	355.493	4	1	
20.404	24.55	-181.764	-300.058	54.364	355.004	4	1	
20.512	24.66	-183.264	-300.358	54.364	356.028	4	1	
20.625	24.77	-182.964	-299.758	54.514	355.39	4	1	
20.747	24.89	-182.664	-300.508	54.214	355.823	4	1	
20.854	25.01	-182.064	-299.908	55.114	355.147	4	1	
21.039	25.19	-182.514	-300.958	53.164	355.968	4	1	
21.147	25.3	-182.664	-300.658	53.764	355.881	4	1	
21.273	25.42	-182.664	-299.758	54.514	355.236	4	1	
21.381	25.53	-182.664	-300.508	53.914	355.777	4	1	
21.506	25.65	-180.114	-300.058	53.764	354.071	4	1	
21.621	25.77	-184.164	-298.108	50.764	354.064	4	1	
21.797	25.94	-184.014	-297.658	50.914	353.629	4	1	
21.906	26.05	-185.964	-295.708	50.014	352.884	4	1	
22.024	26.17	-181.914	-296.758	52.864	352.069	4	1	
22.164	26.31	-180.114	-296.908	53.014	351.291	4	1	
24.891	29.03	-162.564	-63.658	28.714	176.929	5	1	
24.999	29.14	-162.114	-65.158	30.514	177.362	5	1	
25.155	29.29	-161.964	-66.508	29.614	177.574	5	1	
25.267	29.4	-163.014	-66.658	30.064	178.663	5	1	
25.384	29.52	-162.114	-66.508	31.564	178.046	5	1	
25.505	29.63	-162.114	-67.558	30.664	178.284	5	1	
25.612	29.75	-161.664	-66.808	31.114	177.67	5	1	
25.732	29.87	-162.564	-67.258	30.064	178.478	5	1	
25.877	30.01	-161.964	-66.358	30.214	177.619	5	1	
25.997	30.13	-162.714	-67.408	30.664	178.773	5	1	
26.103	30.24	-161.964	-66.808	30.364	177.813	5	1	
26.221	30.36	-162.264	-66.658	30.364	178.03	5	1	
26.339	30.47	-161.364	-67.108	30.514	177.406	5	1	
26.45	30.59	-161.664	-67.108	30.364	177.653	5	1	
26.632	30.77	-162.264	-67.258	30.964	178.359	5	1	
26.744	30.88	-162.264	-66.958	30.814	178.22	5	1	
26.867	31	-161.664	-67.708	30.214	177.855	5	1	
26.976	31.11	-162.564	-66.808	29.914	178.284	5	1	
27.091	31.22	-161.814	-66.658	29.914	177.544	5	1	
27.201	31.33	-162.114	-66.658	30.814	177.971	5	1	
27.366	31.49	-161.664	-66.808	30.364	177.54	5	1	
27.473	31.61	-161.664	-67.108	30.364	177.653	5	1	
27.587	31.72	-162.114	-66.808	30.214	177.924	5	1	
27.7	31.83	-162.414	-66.808	30.814	178.3	5	1	
27.814	31.94	-162.564	-66.658	30.514	178.329	5	1	
27.93	32.05	-162.114	-66.958	30.964	178.109	5	1	
28.083	32.21	-161.664	-66.808	29.764	177.438	5	1	
28.191	32.32	-162.264	-66.808	30.364	178.086	5	1	
28.311	32.44	-162.414	-66.208	30.964	178.102	5	1	
28.421	32.55	-162.864	-66.808	30.214	178.608	5	1	
28.541	32.67	-162.114	-67.108	30.514	178.088	5	1	
28.657	32.78	-161.514	-66.508	29.464	177.138	5	1	
28.813	32.94	-161.664	-66.658	30.364	177.483	5	1	
28.94	33.06	-161.814	-68.008	30.664	178.182	5	1	
29.053	33.18	-160.614	-66.958	34.114	177.324	5	1	
30.981	35.1	-92.814	-7.408	26.014	96.674	6	1	
31.096	35.21	-92.364	-8.608	26.764	96.548	6	1	
31.21	35.33	-91.914	-8.908	26.614	96.103	6	1	
31.33	35.44	-91.464	-9.208	27.364	95.912	6	1	
31.504	35.62	-92.064	-8.308	27.664	96.488	6	1	
31.622	35.74	-92.364	-8.908	27.064	96.658	6	1	
31.743	35.86	-92.364	-9.058	26.464	96.506	6	1	
31.866	35.98	-92.064	-8.158	26.314	96.097	6	1	
31.97	36.09	-92.214	-8.308	26.914	96.419	6	1	
32.083	36.2	-92.664	-8.758	26.614	96.807	6	1	
32.231	36.35	-91.764	-8.158	27.364	96.103	6	1	
32.341	36.46	-91.014	-9.208	26.164	95.146	6	1	
32.459	36.57	-92.964	-9.358	26.314	97.068	6	1	
32.565	36.68	-92.814	-9.508	26.464	96.98	6	1	
32.673	36.79	-91.614	-8.908	26.164	95.692	6	1	
32.793	36.91	-92.064	-8.908	26.314	96.164	6	1	
32.905	37.02	-91.464	-9.058	26.614	95.687	6	1	
33.05	37.17	-90.714	-8.608	26.614	94.928	6	1	
33.159	37.27	-92.814	-9.658	25.714	96.793	6	1	
33.271	37.38	-92.064	-9.208	25.114	95.871	6	1	
33.381	37.49	-91.764	-9.358	26.164	95.878	6	1	
33.495	37.61	-92.064	-9.358	26.614	96.289	6	1	
33.604	37.72	-92.214	-8.458	26.014	96.185	6	1	
33.76	37.87	-91.914	-9.358	25.864	95.941	6	1	
33.868	37.98	-91.914	-9.058	26.014	96.412	6	1	
33.983	38.09	-93.564	-8.908	23.614	96.908	6	1	
34.092	38.21	-93.114	-8.158	23.764	96.444	6	1	
34.2	38.31	-93.564	-8.008	22.264	96.509	6	1	
34.316	38.43	-93.864	-8.158	22.114	96.778	6	1	
34.431	38.54	-93.864	-8.158	22.864	96.952	6	1	
34.626	38.74	-93.114	-9.808	22.414	96.274	6	1	
34.735	38.85	-92.364	-10.108	21.214	95.306	6	1	
34.846	38.96	-92.514	-8.608	20.464	95.14	6	1	
34.961	39.07	-93.264	-9.058	21.064	96.041	6	1	
35.068	39.18	-93.414	-8.908	21.214	96.205	6	1	
35.179	39.29	-90.414	-11.158	26.164	94.782	6	1	
41.43	45.51	62.136	54.992	50.014	96.883	1	2	
41.57	45.67	62.436	54.992	49.864	96.998	1	2	
41.678	45.77	63.636	54.542	49.414	97.293	1	2	
41.794	45.89	62.586	54.692	48.664	96.314	1	2	
41.901	46	63.186	54.392	50.164	97.3	1	2	
42.013	46.11	62.736	54.692	49.564	96.869	1	2	
42.127	46.22	63.336	54.992	49.414	97.351	1	2	
42.289	46.38	63.036	54.992	50.014	97.463	1	2	
42.399	46.49	63.036	54.542	49.564	96.979	1	2	
42.519	46.6	63.786	54.242	49.864	97.847	1	2	
42.629	46.71	62.736	55.442	49.564	97.294	1	2	
42.738	46.83	62.436	55.142	49.414	96.853	1	2	
42.85	46.94	63.036	54.842	49.864	97.301	1	2	
42.959	47.05	63.636	55.142	48.964	97.404	1	2	
43.108	47.2	62.586	54.242	49.264	96.364	1	2	
43.22	47.31	63.186	54.242	49.114	96.679	1	2	
43.336	47.43	63.336	54.092	49.414	96.845	1	2	
43.443	47.54	63.036	53.942	50.314	97.029	1	2	
43.553	47.65	63.186	55.292	49.564	97.5	1	2	
43.661	47.75	62.286	53.942	49.714	96.232	1	2	
43.783	47.86	62.736	54.392	49.864	96.854	1	2	
43.969	48.05	63.186	54.092	50.014	97.055	1	2	
44.071	48.16	62.136	55.892	49.714	97.243	1	2	
44.182	48.27	60.936	56.042	49.864	96.645	1	2	
44.301	48.39	62.286	55.742	49.264	97.024	1	2	
44.406	48.5	61.536	55.592	49.114	96.381	1	2	
44.515	48.61	61.536	56.042	49.414	96.794	1	2	
44.627	48.72	61.386	55.892	49.114	96.459	1	2	
44.789	48.88	61.836	55.742	49.714	96.965	1	2	
44.905	48.99	63.936	55.592	51.064	98.923	1	2	
45.02	49.11	67.686	55.892	49.114	100.585	1	2	
48.256	52.32	469.236	25.592	159.214	496.171	2	2	
48.354	52.43	466.986	30.992	160.864	494.887	2	2	
48.468	52.55	466.386	31.292	161.464	494.535	2	2	
48.619	52.69	466.536	31.292	161.764	494.775	2	2	
48.726	52.81	467.436	30.692	162.364	495.782	2	2	
48.844	52.92	466.536	30.542	162.664	495.023	2	2	
48.958	53.03	467.136	31.442	161.764	495.35	2	2	
49.074	53.15	466.986	31.292	161.014	494.955	2	2	
49.183	53.26	466.536	30.542	161.164	494.532	2	2	
49.328	53.41	466.536	30.542	162.514	494.974	2	2	
49.444	53.52	467.286	31.292	161.614	495.433	2	2	
49.554	53.63	466.386	31.742	161.764	494.662	2	2	
49.668	53.74	466.686	30.692	161.614	494.83	2	2	
49.787	53.85	467.136	30.692	161.764	495.303	2	2	
49.893	53.97	466.836	31.442	162.514	495.313	2	2	
50.023	54.09	467.436	30.542	162.214	495.724	2	2	
50.232	54.3	466.836	31.292	161.464	494.479	2	2	
50.35	54.42	466.536	31.442	162.064	494.882	2	2	
50.457	54.53	467.136	30.992	161.164	495.126	2	2	
50.574	54.65	467.136	29.792	160.714	494.906	2	2	
50.694	54.77	465.486	31.292	162.064	493.883	2	2	
50.82	54.89	466.986	31.592	162.514	495.464	2	2	
50.973	55.04	467.136	30.692	160.714	494.961	2	2	
51.085	55.15	466.986	30.992	161.314	495.033	2	2	
51.202	55.27	466.836	31.742	161.614	495.037	2	2	
51.319	55.39	466.836	30.092	161.164	494.788	2	2	
51.441	55.51	466.536	30.992	161.614	494.707	2	2	
51.553	55.62	466.836	30.542	161.764	495.011	2	2	
51.716	55.78	467.436	32.042	161.314	495.525	2	2	
51.825	55.89	468.186	31.592	161.914	496.399	2	2	
51.937	56.01	466.986	31.442	161.764	495.209	2	2	
52.053	56.12	467.436	30.542	162.064	495.675	2	2	
52.162	56.23	466.686	31.892	161.764	494.955	2	2	
52.277	56.34	466.236	30.392	160.564	494.045	2	2	
52.428	56.49	467.286	31.592	161.914	495.55	2	2	
52.541	56.61	469.236	33.692	155.764	495.56	2	2	
56.88	60.92	1102.986	-1709.308	368.464	2067.384	3	2	
56.981	61.03	1032.036	-1486.558	336.964	1840.787	3	2	
57.095	61.15	1032.786	-1487.008	336.514	1841.488	3	2	
57.213	61.26	1031.736	-1486.108	338.464	1840.53	3	2	
57.413	61.47	1032.936	-1484.608	519.964	1881.855	3	2	
57.528	61.58	1033.836	-1484.458	519.364	1882.065	3	2	
57.638	61.69	1032.336	-1484.608	519.214	1881.319	3	2	
57.75	61.8	1032.636	-1485.058	520.114	1882.087	3	2	
57.874	61.93	1033.236	-1484.608	520.564	1882.186	3	2	
57.988	62.04	1033.236	-1484.008	520.264	1881.629	3	2	
58.164	62.21	1032.636	-1484.608	519.964	1881.69	3	2	
58.29	62.33	1032.036	-1483.708	519.814	1880.61	3	2	
58.4	62.45	1032.636	-1483.858	521.164	1881.431	3	2	
58.516	62.56	1033.086	-1484.308	519.814	1881.659	3	2	
58.636	62.69	1032.036	-1484.008	520.714	1881.095	3	2	
58.798	62.85	1032.336	-1484.308	521.614	1881.746	3	2	
58.913	62.96	1032.786	-1484.908	521.914	1882.549	3	2	
59.027	63.07	1032.036	-1484.158	520.414	1881.131	3	2	
59.134	63.18	1031.586	-1485.208	521.164	1881.92	3	2	
59.249	63.29	1032.036	-1483.858	521.464	1881.185	3	2	
59.357	63.41	1032.786	-1484.608	521.614	1882.229	3	2	
59.516	63.56	1032.786	-1483.858	522.064	1881.763	3	2	
59.628	63.67	1032.936	-1484.158	521.164	1881.832	3	2	
59.74	63.79	1032.486	-1485.208	521.464	1882.496	3	2	
59.864	63.91	1032.336	-1483.858	521.314	1881.308	3	2	
59.981	64.02	1032.186	-1484.908	523.114	1882.553	3	2	
60.093	64.14	1032.186	-1484.608	522.064	1882.025	3	2	
60.262	64.31	1032.186	-1482.508	527.464	1881.875	3	2	
60.382	64.42	1032.186	-1479.358	528.364	1879.647	3	2	
60.486	64.53	1032.336	-1479.508	529.714	1880.228	3	2	
60.598	64.64	1032.636	-1479.808	530.464	1880.84	3	2	
60.717	64.76	1031.736	-1479.658	529.714	1880.016	3	2	
60.881	64.92	1032.486	-1479.958	530.164	1880.791	3	2	
60.99	65.03	1031.586	-1478.908	530.314	1879.513	3	2	
61.115	65.16	1038.636	-1480.558	537.814	1886.812	3	2	
67.958	71.97	-1175.664	-749.608	201.964	1408.86	4	2	
68.059	72.09	-1192.314	-845.608	205.414	1476.096	4	2	
68.171	72.2	-1189.614	-850.708	206.914	1477.057	4	2	
68.322	72.35	-1190.364	-849.658	205.264	1476.827	4	2	
68.444	72.47	-1189.014	-850.558	206.314	1476.403	4	2	
68.557	72.58	-1188.414	-850.858	205.714	1476.009	4	2	
68.677	72.7	-1189.164	-850.558	205.564	1476.42	4	2	
68.787	72.81	-1188.414	-851.158	206.464	1476.287	4	2	
68.946	72.97	-1188.864	-851.008	206.464	1476.563	4	2	
69.069	73.09	-1189.614	-849.958	206.464	1476.562	4	2	
69.186	73.21	-1188.714	-849.958	206.314	1475.816	4	2	
69.304	73.33	-1187.964	-850.558	206.464	1475.579	4	2	
69.418	73.44	-1187.964	-850.858	205.714	1475.647	4	2	
69.533	73.56	-1188.864	-850.558	206.164	1476.262	4	2	
69.715	73.74	-1188.864	-850.858	205.264	1476.309	4	2	
69.827	73.85	-1188.714	-850.408	206.014	1476.034	4	2	
69.936	73.96	-1188.714	-849.958	205.414	1475.691	4	2	
70.061	74.08	-1188.864	-851.758	205.864	1476.912	4	2	
70.182	74.21	-1188.114	-851.158	205.114	1475.857	4	2	
70.36	74.38	-1188.564	-852.058	206.164	1476.885	4	2	
70.468	74.49	-1188.714	-851.308	206.014	1476.552	4	2	
70.588	74.61	-1189.164	-850.708	204.964	1476.423	4	2	
70.699	74.72	-1188.714	-851.008	205.414	1476.296	4	2	
70.819	74.84	-1189.164	-851.758	206.164	1477.195	4	2	
70.936	74.95	-1187.964	-850.708	205.714	1475.561	4	2	
71.095	75.11	-1188.564	-851.008	206.314	1476.3	4	2	
71.207	75.23	-1189.014	-851.158	206.014	1476.707	4	2	
71.329	75.35	-1189.014	-851.158	205.414	1476.624	4	2	
71.439	75.46	-1188.264	-851.158	205.864	1476.083	4	2	
71.575	75.6	-1186.914	-854.158	207.064	1476.897	4	2	
71.696	75.71	-1186.764	-854.008	204.664	1476.355	4	2	
71.85	75.87	-1187.214	-854.608	204.514	1477.043	4	2	
71.969	75.99	-1187.064	-854.908	204.664	1477.117	4	2	
72.085	76.11	-1183.764	-857.758	218.764	1478.141	4	2	
75.02	79.03	-303.264	8.192	13.414	303.671	5	2	
75.133	79.14	-303.564	8.492	26.614	304.846	5	2	
75.344	79.35	-303.414	-0.208	34.264	305.342	5	2	
75.458	79.47	-303.864	0.692	34.564	305.824	5	2	
75.565	79.57	-303.414	0.392	33.964	305.309	5	2	
75.673	79.69	-302.814	-0.358	33.964	304.712	5	2	
75.791	79.8	-303.264	-0.058	34.264	305.193	5	2	
75.905	79.91	-302.514	0.392	34.714	304.499	5	2	
76.012	80.02	-303.564	-0.208	34.264	305.491	5	2	
76.158	80.17	-303.564	0.392	34.114	305.475	5	2	
76.281	80.29	-303.264	-0.058	33.514	305.11	5	2	
76.39	80.4	-304.014	-0.058	34.264	305.938	5	2	
76.502	80.51	-302.964	0.392	33.964	304.862	5	2	
76.607	80.62	-303.714	0.092	34.864	305.708	5	2	
76.725	80.73	-303.564	0.242	35.014	305.576	5	2	
76.882	80.89	-303.864	-0.358	34.864	305.857	5	2	
76.999	81	-304.014	0.392	34.114	305.922	5	2	
77.11	81.11	-302.514	0.242	33.664	304.381	5	2	
77.221	81.23	-303.414	-0.208	33.214	305.226	5	2	
77.33	81.34	-303.414	0.392	34.714	305.393	5	2	
77.449	81.45	-304.314	-0.808	34.714	306.288	5	2	
77.601	81.6	-304.764	-0.358	33.664	306.617	5	2	
77.709	81.71	-304.014	0.542	34.564	305.972	5	2	
77.823	81.82	-303.264	-0.358	34.414	305.21	5	2	
77.928	81.93	-303.414	0.242	33.814	305.292	5	2	
78.038	82.04	-303.114	0.542	33.964	305.011	5	2	
78.144	82.15	-303.864	-0.508	33.364	305.69	5	2	
78.26	82.26	-303.864	-0.058	34.264	305.789	5	2	
78.437	82.44	-303.564	-0.058	34.264	305.491	5	2	
78.557	82.56	-303.414	-0.208	34.414	305.359	5	2	
78.675	82.68	-305.064	-2.158	35.314	307.108	5	2	
78.805	82.8	-307.764	3.542	31.264	309.368	5	2	
78.912	82.91	-309.864	4.892	24.514	310.87	5	2	
79.019	83.02	-309.114	5.492	22.414	309.974	5	2	
79.17	83.17	-309.564	4.742	20.764	310.295	5	2	
79.279	83.28	-310.164	4.592	20.314	310.862	5	2	
79.395	83.4	-310.164	5.192	20.314	310.871	5	2	
79.511	83.51	-311.064	5.342	20.014	311.752	5	2	
79.63	83.63	-310.614	5.792	20.314	311.331	5	2	
79.756	83.76	-308.514	3.842	29.164	309.913	5	2	
79.872	83.87	-309.864	5.042	20.464	310.579	5	2	
84.949	88.92	-87.414	48.242	22.264	102.294	6	2	
85.05	89.03	-89.514	45.542	20.314	102.467	6	2	
85.16	89.15	-90.114	44.942	20.764	102.817	6	2	
85.274	89.26	-93.114	40.742	19.714	103.531	6	2	
85.385	89.37	-93.264	38.792	20.464	103.061	6	2	
85.498	89.48	-93.114	38.342	21.664	103.003	6	2	
85.656	89.64	-93.564	38.942	20.464	103.389	6	2	
85.782	89.76	-92.814	38.492	20.914	102.632	6	2	
85.894	89.87	-93.414	39.092	20.314	103.281	6	2	
86.007	89.99	-93.414	38.792	19.564	103.023	6	2	
86.117	90.1	-93.714	38.342	18.814	102.987	6	2	
86.237	90.21	-93.714	39.392	20.764	103.755	6	2	
86.417	90.4	-93.564	38.942	20.164	103.33	6	2	
86.528	90.51	-94.464	38.342	20.764	104.041	6	2	
86.64	90.62	-94.014	38.042	20.164	103.404	6	2	
86.758	90.73	-93.864	37.442	19.414	102.904	6	2	
86.864	90.85	-93.264	38.042	20.014	102.693	6	2	
86.988	90.96	-93.864	38.192	20.314	103.352	6	2	
87.098	91.08	-93.864	38.342	20.014	103.349	6	2	
87.256	91.24	-93.714	38.042	19.264	102.959	6	2	
87.374	91.35	-93.114	38.942	19.564	102.807	6	2	
87.485	91.47	-93.714	37.592	20.914	103.115	6	2	
87.599	91.58	-93.414	36.542	20.914	102.464	6	2	
87.716	91.69	-93.414	37.892	20.764	102.922	6	2	
87.827	91.8	-93.864	38.342	20.914	103.527	6	2	
87.971	91.95	-93.564	38.042	20.464	103.054	6	2	
88.087	92.06	-95.664	37.892	16.864	104.267	6	2	
88.198	92.17	-95.814	38.192	15.514	104.305	6	2	
88.307	92.29	-97.164	37.742	15.664	105.407	6	2	
88.421	92.4	-97.614	37.742	15.364	105.778	6	2	
88.533	92.51	-97.464	37.892	14.764	105.607	6	2	
88.649	92.63	-94.614	36.692	18.514	103.154	6	2	
97.346	101.29	-12.114	144.092	37.264	149.324	1	3	
97.451	101.4	-11.214	144.392	35.164	149.034	1	3	
97.575	101.52	-11.664	144.092	34.264	148.568	1	3	
97.684	101.63	-12.414	143.192	36.964	148.406	1	3	
97.808	101.75	-11.664	142.142	38.164	147.637	1	3	
97.917	101.87	-11.664	143.042	37.264	148.275	1	3	
98.093	102.04	-11.514	142.442	38.464	147.992	1	3	
98.21	102.16	-12.264	142.292	37.264	147.6	1	3	
98.325	102.27	-12.114	143.342	37.414	148.638	1	3	
98.431	102.38	-11.664	142.892	37.864	148.283	1	3	
98.543	102.49	-11.364	142.142	37.714	147.498	1	3	
98.663	102.61	-11.214	142.742	37.864	148.103	1	3	
98.815	102.76	-11.664	143.492	37.714	148.823	1	3	
98.933	102.88	-12.264	143.042	36.814	148.211	1	3	
99.057	103	-11.814	143.042	37.264	148.287	1	3	
99.17	103.11	-10.764	143.192	37.714	148.466	1	3	
99.277	103.22	-11.514	142.292	37.714	147.654	1	3	
99.394	103.33	-11.514	143.192	37.864	148.56	1	3	
99.549	103.49	-10.914	142.742	37.564	148.004	1	3	
99.664	103.61	-11.664	142.892	36.964	148.055	1	3	
99.779	103.72	-11.214	142.742	38.014	148.142	1	3	
99.892	103.83	-14.514	143.342	34.114	148.058	1	3	
100	103.94	-12.864	143.042	35.164	147.861	1	3	
100.111	104.05	-12.264	142.592	34.714	147.268	1	3	
100.26	104.2	-12.864	143.042	34.114	147.615	1	3	
100.376	104.31	-11.214	141.842	37.414	147.121	1	3	
100.492	104.43	-11.964	143.642	35.464	148.438	1	3	
102.408	106.35	88.836	625.892	134.314	646.276	2	3	
102.526	106.46	89.436	621.692	139.114	643.313	2	3	
102.645	106.58	88.836	621.392	139.564	643.038	2	3	
102.838	106.77	89.136	622.292	139.714	643.981	2	3	
102.955	106.89	89.736	621.692	139.864	643.518	2	3	
103.079	107.01	88.836	621.692	140.014	643.425	2	3	
103.187	107.12	88.536	621.692	139.114	643.189	2	3	
103.304	107.23	89.436	622.442	139.264	644.07	2	3	
103.411	107.35	88.986	621.092	139.114	642.671	2	3	
103.583	107.51	89.136	621.542	139.864	643.289	2	3	
103.693	107.63	89.136	621.392	140.164	643.21	2	3	
103.814	107.75	89.436	621.392	139.264	643.056	2	3	
103.924	107.86	90.036	621.392	140.164	643.335	2	3	
104.04	107.97	89.736	621.092	139.414	642.84	2	3	
104.157	108.09	89.586	621.542	138.964	643.157	2	3	
104.318	108.25	89.286	620.942	138.814	642.503	2	3	
104.438	108.37	88.836	622.142	138.964	643.633	2	3	
104.55	108.48	88.686	621.692	139.714	643.339	2	3	
104.677	108.6	89.286	621.392	138.664	642.905	2	3	
104.789	108.72	89.286	621.992	139.414	643.647	2	3	
104.904	108.83	89.286	621.092	139.264	642.745	2	3	
105.026	108.96	89.136	621.542	138.964	643.088	2	3	
105.172	109.1	89.436	621.242	139.264	642.911	2	3	
105.281	109.21	89.736	622.292	139.414	644	2	3	
105.394	109.32	89.886	621.542	140.464	643.524	2	3	
105.511	109.43	89.436	621.842	139.864	643.621	2	3	
105.639	109.56	88.986	621.392	139.714	643.091	2	3	
105.744	109.67	89.136	621.842	139.714	643.546	2	3	
105.911	109.84	87.936	621.392	139.264	642.849	2	3	
106.039	109.97	88.686	621.392	138.814	642.854	2	3	
106.155	110.08	88.986	621.692	139.714	643.381	2	3	
106.27	110.19	88.536	621.392	139.114	642.899	2	3	
106.384	110.31	88.386	622.442	139.414	643.958	2	3	
106.503	110.43	88.836	622.292	139.414	643.875	2	3	
106.669	110.59	91.686	622.292	137.914	643.951	2	3	
106.788	110.71	89.586	622.892	137.014	644.044	2	3	
109.415	113.33	-100.164	649.888	1761.218	1879.967	3	3	
109.521	113.44	-93.264	1643.342	-330.386	1678.816	3	3	
109.641	113.56	-91.464	1608.842	-306.386	1640.308	3	3	
109.754	113.67	-91.764	1608.842	-305.636	1640.184	3	3	
109.903	113.82	-91.764	1761.242	-1189.136	2127.072	3	3	
110.013	113.93	-91.464	1760.942	-1189.586	2127.063	3	3	
110.127	114.05	-91.914	1760.942	-1189.286	2126.914	3	3	
110.245	114.17	-92.064	1760.192	-1189.136	2126.216	3	3	
110.36	114.28	-91.314	1760.042	-1189.436	2126.227	3	3	
110.523	114.44	-93.114	1760.942	-1188.986	2126.799	3	3	
110.638	114.55	-91.764	1761.692	-1189.586	2127.696	3	3	
110.759	114.68	-91.164	1760.492	-1189.586	2126.677	3	3	
110.877	114.79	-91.164	1760.192	-1190.036	2126.681	3	3	
110.994	114.91	-91.914	1760.792	-1189.436	2126.874	3	3	
111.131	115.05	-91.464	1761.242	-1092.686	2074.681	3	3	
111.274	115.19	-92.514	1761.842	-1092.836	2075.316	3	3	
111.389	115.3	-91.464	1762.442	-1089.836	2074.201	3	3	
111.497	115.41	-91.764	1762.292	-1090.586	2074.481	3	3	
111.608	115.53	-92.364	1761.842	-1091.036	2074.362	3	3	
111.728	115.65	-91.014	1762.442	-1091.186	2074.89	3	3	
111.886	115.79	-91.614	1761.392	-1092.086	2074.499	3	3	
111.989	115.91	-91.914	1763.042	-1091.786	2075.755	3	3	
112.104	116.02	-91.014	1761.692	-1090.286	2073.78	3	3	
112.224	116.13	-91.914	1761.392	-1091.486	2074.196	3	3	
112.331	116.25	-92.214	1760.642	-1146.686	2103.152	3	3	
112.507	116.42	-92.214	1761.092	-1146.086	2103.202	3	3	
112.628	116.54	-92.514	1759.442	-1146.086	2101.834	3	3	
112.743	116.65	-92.064	1510.442	-659.486	1650.706	3	3	
112.857	116.77	-90.114	1200.842	497.014	1302.752	3	3	
112.973	116.89	-89.814	1248.992	516.064	1354.389	3	3	
113.091	117	-89.064	1269.992	526.864	1377.823	3	3	
113.238	117.15	-89.964	1686.692	521.014	1767.619	3	3	
113.353	117.27	-89.664	1995.992	452.164	2048.53	3	3	
116.678	120.58	-992.214	1376.042	219.064	1710.546	4	3	
116.801	120.7	-989.514	1372.892	218.614	1706.388	4	3	
116.911	120.81	-991.464	1339.142	194.164	1677.498	4	3	
117.032	120.93	-990.564	1330.892	193.564	1670.316	4	3	
117.226	121.13	-988.614	1324.892	192.364	1664.241	4	3	
117.342	121.24	-988.314	1325.342	192.814	1664.473	4	3	
117.459	121.36	-987.564	1324.742	192.814	1663.55	4	3	
117.567	121.47	-987.714	1323.842	193.114	1662.958	4	3	
117.686	121.58	-987.864	1323.992	193.264	1663.184	4	3	
117.833	121.73	-987.264	1323.092	192.364	1662.006	4	3	
117.943	121.85	-986.664	1323.992	191.314	1662.245	4	3	
118.075	121.97	-987.264	1323.242	192.664	1662.145	4	3	
118.188	122.09	-986.814	1322.192	191.914	1661.298	4	3	
118.301	122.2	-987.414	1322.792	192.214	1661.839	4	3	
118.419	122.31	-987.264	1322.042	193.264	1661.275	4	3	
118.567	122.46	-986.064	1322.192	192.064	1660.542	4	3	
118.676	122.57	-986.664	1322.192	191.764	1660.864	4	3	
118.788	122.69	-986.364	1322.342	192.364	1660.875	4	3	
118.902	122.8	-985.764	1321.742	191.914	1659.989	4	3	
119.019	122.92	-986.664	1320.842	193.114	1659.946	4	3	
119.169	123.07	-986.964	1320.692	193.414	1660.04	4	3	
119.28	123.18	-985.014	1321.442	192.814	1659.409	4	3	
119.403	123.29	-986.364	1320.542	191.914	1659.39	4	3	
119.507	123.4	-986.214	1320.542	192.964	1659.422	4	3	
119.629	123.52	-974.214	1328.792	190.864	1658.677	4	3	
119.749	123.63	-949.764	1335.992	191.464	1650.328	4	3	
119.906	123.79	-978.864	1329.542	179.914	1660.79	4	3	
120.013	123.91	-980.214	1330.442	176.314	1661.921	4	3	
120.134	124.02	-989.064	1328.942	177.364	1666.07	4	3	
120.238	124.13	-990.564	1330.442	160.414	1666.44	4	3	
120.355	124.25	-989.064	1328.492	183.364	1666.361	4	3	
120.472	124.37	-970.614	1325.492	200.164	1655.018	4	3	
122.629	126.52	-134.964	300.692	26.314	330.64	5	3	
122.745	126.63	-147.264	296.792	18.964	331.861	5	3	
122.863	126.75	-166.164	278.642	17.014	324.871	5	3	
122.981	126.86	-192.864	269.492	17.914	331.878	5	3	
123.09	126.98	-198.564	267.992	18.214	334.034	5	3	
123.213	127.1	-197.814	268.142	18.514	333.726	5	3	
123.398	127.28	-197.964	267.092	18.814	332.989	5	3	
123.508	127.39	-198.114	266.942	18.214	332.924	5	3	
123.619	127.51	-200.964	266.042	17.314	333.863	5	3	
123.741	127.63	-200.514	267.242	18.364	334.606	5	3	
123.863	127.74	-200.664	266.942	18.514	334.465	5	3	
124	127.89	-200.664	266.642	18.064	334.2	5	3	
124.114	128	-200.664	266.492	18.514	334.047	5	3	
124.227	128.11	-200.514	267.392	18.514	334.734	5	3	
124.338	128.22	-199.914	266.942	18.664	334.023	5	3	
124.456	128.33	-200.664	266.192	17.914	333.833	5	3	
124.566	128.45	-201.114	267.092	18.814	334.871	5	3	
124.746	128.63	-201.264	266.792	19.114	334.739	5	3	
124.854	128.74	-200.514	266.192	18.664	333.784	5	3	
124.967	128.85	-200.664	266.642	18.364	334.217	5	3	
125.08	128.96	-200.664	266.342	18.514	333.986	5	3	
125.202	129.08	-200.664	265.742	18.214	333.491	5	3	
125.315	129.2	-200.214	266.192	18.814	333.613	5	3	
125.464	129.35	-200.814	266.942	18.664	334.563	5	3	
125.58	129.46	-201.114	266.342	18.214	334.24	5	3	
125.688	129.57	-200.964	266.642	18.064	334.381	5	3	
125.803	129.68	-199.914	265.442	18.814	332.834	5	3	
125.921	129.8	-200.364	266.342	17.764	333.765	5	3	
126.04	129.92	-200.064	266.492	18.814	333.762	5	3	
126.198	130.08	-194.364	261.542	17.314	326.314	5	3	
126.314	130.19	-191.064	264.092	17.764	326.443	5	3	
126.433	130.31	-191.214	264.692	17.464	327	5	3	
126.552	130.43	-191.664	265.742	16.264	328.052	5	3	
126.664	130.54	-192.264	265.142	16.114	327.91	5	3	
126.78	130.66	-191.514	266.792	15.364	328.772	5	3	
126.932	130.81	-191.964	267.842	15.514	329.894	5	3	
129.063	132.93	-60.564	117.242	1.564	131.97	6	3	
129.17	133.04	-61.464	117.392	1.114	132.513	6	3	
129.289	133.15	-60.114	117.092	1.564	131.63	6	3	
129.396	133.27	-60.714	116.942	0.814	131.766	6	3	
129.513	133.38	-61.164	117.242	1.264	132.243	6	3	
129.631	133.49	-61.314	116.792	1.564	131.917	6	3	
129.878	133.75	-62.664	115.892	1.414	131.756	6	3	
129.999	133.87	-62.364	116.492	2.014	132.15	6	3	
130.111	133.98	-62.814	116.492	0.964	132.351	6	3	
130.23	134.1	-61.914	116.192	2.164	131.676	6	3	
130.354	134.22	-62.514	115.742	1.264	131.551	6	3	
130.463	134.33	-62.214	116.042	1.714	131.678	6	3	
130.622	134.49	-62.214	116.042	1.714	131.678	6	3	
130.735	134.6	-63.414	115.292	2.164	131.598	6	3	
130.853	134.72	-63.714	115.592	2.164	132.006	6	3	
130.969	134.83	-63.564	115.142	0.364	131.522	6	3	
131.089	134.95	-64.614	113.342	0.964	130.469	6	3	
131.204	135.07	-65.214	114.242	1.114	131.549	6	3	
131.357	135.22	-65.364	114.092	0.964	131.492	6	3	
131.469	135.33	-65.214	113.492	2.014	130.909	6	3	
131.587	135.45	-65.814	114.092	0.064	131.713	6	3	
131.694	135.56	-66.414	114.242	-1.136	132.148	6	3	
131.812	135.67	-67.764	113.792	-1.436	132.448	6	3	
131.929	135.79	-67.314	114.842	-1.886	133.129	6	3	
132.087	135.95	-68.064	114.692	-0.686	133.369	6	3	
132.204	136.06	-66.714	114.092	-0.536	132.166	6	3	
132.315	136.18	-66.714	114.542	-0.686	132.556	6	3	
132.43	136.29	-65.964	113.942	-0.686	131.66	6	3	
132.557	136.42	-66.714	113.642	0.664	131.778	6	3	
132.681	136.53	-67.314	114.242	-1.586	132.608	6	3	
139.722	143.56	-138.564	116.642	-5.636	181.21	1	4	
139.87	143.71	-138.414	116.192	-5.186	180.792	1	4	
139.979	143.83	-139.164	116.942	-5.186	181.848	1	4	
140.093	143.94	-142.014	115.142	-6.386	182.938	1	4	
140.215	144.06	-151.614	115.142	-22.886	191.75	1	4	
140.327	144.17	-148.314	112.292	-9.836	186.288	1	4	
140.451	144.29	-148.164	112.592	-8.186	186.27	1	4	
140.605	144.45	-149.064	111.542	-8.336	186.363	1	4	
140.728	144.57	-148.914	111.842	-9.086	186.457	1	4	
140.839	144.68	-148.464	112.142	-9.686	186.309	1	4	
140.951	144.79	-149.364	111.842	-8.936	186.81	1	4	
141.074	144.91	-149.064	111.992	-8.936	186.66	1	4	
141.19	145.03	-149.964	111.692	-10.586	187.286	1	4	
141.359	145.2	-148.764	112.592	-8.786	186.774	1	4	
141.472	145.31	-149.364	111.542	-9.986	186.684	1	4	
141.59	145.43	-148.314	112.292	-9.086	186.25	1	4	
141.696	145.54	-149.514	112.892	-8.786	187.553	1	4	
141.808	145.65	-148.614	112.142	-9.536	186.421	1	4	
141.937	145.78	-148.764	111.392	-9.386	186.083	1	4	
142.072	145.91	-148.614	112.142	-9.536	186.421	1	4	
142.189	146.03	-148.914	112.142	-9.086	186.638	1	4	
142.297	146.14	-149.364	112.592	-8.186	187.225	1	4	
142.413	146.25	-148.614	112.442	-8.786	186.565	1	4	
142.53	146.37	-149.064	112.142	-9.386	186.772	1	4	
142.727	146.57	-149.214	111.842	-9.836	186.735	1	4	
142.851	146.69	-148.914	112.592	-9.836	186.946	1	4	
142.96	146.8	-149.964	111.242	-9.686	186.97	1	4	
143.079	146.91	-148.914	112.142	-10.886	186.734	1	4	
143.203	147.04	-148.314	110.642	-5.036	185.105	1	4	
143.321	147.16	-147.264	111.242	-4.886	184.622	1	4	
144.992	148.82	-642.414	157.892	-59.486	664.201	2	4	
145.104	148.94	-650.064	139.142	-66.536	668.109	2	4	
145.22	149.05	-649.764	137.942	-81.086	669.175	2	4	
145.336	149.17	-649.914	137.342	-80.036	669.071	2	4	
145.451	149.28	-650.364	136.592	-78.986	669.23	2	4	
145.569	149.4	-649.914	136.442	-79.136	668.78	2	4	
145.726	149.56	-650.814	130.892	-80.486	668.707	2	4	
145.842	149.67	-652.614	128.192	-79.736	669.847	2	4	
145.951	149.78	-668.514	134.942	-80.036	686.677	2	4	
146.067	149.89	-667.914	133.442	-74.186	685.141	2	4	
146.175	150.01	-667.914	134.942	-74.786	685.5	2	4	
146.287	150.12	-667.464	134.042	-74.636	684.869	2	4	
146.444	150.27	-669.564	134.492	-75.386	687.085	2	4	
146.558	150.39	-667.614	134.042	-75.686	685.13	2	4	
146.669	150.5	-668.064	134.042	-75.386	685.536	2	4	
146.784	150.61	-668.364	134.342	-75.386	685.887	2	4	
146.901	150.73	-668.064	134.342	-74.936	685.545	2	4	
147.03	150.85	-668.064	134.492	-74.486	685.525	2	4	
147.206	151.03	-668.214	134.042	-75.686	685.715	2	4	
147.316	151.14	-668.664	134.492	-74.636	686.126	2	4	
147.432	151.25	-669.114	133.742	-74.636	686.418	2	4	
147.55	151.37	-669.114	133.442	-75.536	686.459	2	4	
147.659	151.49	-667.464	132.992	-75.686	684.779	2	4	
147.776	151.6	-668.514	134.042	-76.586	686.107	2	4	
147.925	151.75	-668.364	133.892	-75.086	685.766	2	4	
148.036	151.86	-668.214	134.642	-75.536	685.816	2	4	
148.153	151.97	-667.464	133.892	-75.236	684.905	2	4	
148.274	152.1	-667.914	134.492	-75.086	685.445	2	4	
148.385	152.21	-669.714	135.092	-100.886	690.611	2	4	
148.501	152.32	-695.214	141.692	-133.436	721.944	2	4	
148.642	152.47	-697.614	137.792	-129.386	722.875	2	4	
148.753	152.58	-697.464	137.492	-129.686	722.619	2	4	
148.885	152.71	-700.014	135.692	-95.936	719.468	2	4	
149	152.82	-701.364	134.642	-72.386	717.829	2	4	
151.024	154.84	-62.814	-40.558	-48.386	92.762	3	4	
151.187	155.01	-70.764	-53.608	-49.136	101.467	3	4	
151.303	155.12	-69.864	-53.308	-49.736	100.977	3	4	
151.416	155.23	-70.314	-52.708	-49.136	100.68	3	4	
151.528	155.34	-70.164	-53.308	-48.386	100.528	3	4	
151.64	155.45	-53.364	-40.408	-54.836	86.53	3	4	
151.767	155.57	-34.764	-26.458	-62.036	75.875	3	4	
151.94	155.75	-33.264	-25.108	-63.236	75.734	3	4	
152.051	155.87	-32.514	-25.258	-63.986	76.087	3	4	
152.163	155.98	-32.514	-24.508	-64.286	76.095	3	4	
152.277	156.09	-32.214	-92.908	-434.186	445.182	3	4	
152.386	156.2	-33.114	-93.208	-433.886	445.018	3	4	
152.5	156.31	-31.914	-95.908	-436.586	448.134	3	4	
152.649	156.46	-31.614	-97.108	-437.636	449.393	3	4	
152.758	156.57	-31.614	-98.608	-438.836	450.888	3	4	
152.871	156.69	-32.364	-98.008	-438.986	450.956	3	4	
152.984	156.8	-32.514	-99.808	-440.636	452.966	3	4	
153.112	156.92	-32.664	-100.408	-439.136	451.651	3	4	
153.216	157.03	-31.764	-100.408	-441.986	454.359	3	4	
153.379	157.19	-31.764	-100.558	-439.886	452.35	3	4	
153.494	157.3	-32.214	-9.358	-473.636	474.822	3	4	
153.605	157.42	-32.664	-9.058	-474.386	475.595	3	4	
153.721	157.53	-32.214	-8.608	-474.686	475.855	3	4	
153.838	157.65	-31.464	-8.908	-474.986	476.11	3	4	
153.947	157.76	-32.514	-9.058	-474.236	475.435	3	4	
154.103	157.91	-31.614	-12.958	-476.036	477.26	3	4	
154.216	158.03	-32.364	-12.808	-476.036	477.306	3	4	
154.333	158.14	-32.064	-14.008	-475.286	476.572	3	4	
154.442	158.25	-31.914	-13.558	-476.336	477.596	3	4	
154.571	158.38	-31.614	-28.708	-471.086	473.017	3	4	
154.687	158.5	-30.414	-60.358	-458.486	463.44	3	4	
154.876	158.68	-31.164	-186.208	-424.136	464.258	3	4	
155.005	158.81	-31.614	-171.508	-447.986	480.734	3	4	
155.121	158.93	-30.864	-166.858	-449.636	480.589	3	4	
155.237	159.04	-32.064	-157.558	-403.136	434.017	3	4	
157.87	161.66	1664.586	-239.608	-27.536	1681.968	4	4	
157.971	161.77	1669.836	-225.508	-27.536	1685.219	4	4	
158.129	161.93	1669.236	-224.608	-28.886	1684.527	4	4	
158.245	162.05	1670.136	-224.308	-26.636	1685.342	4	4	
158.365	162.17	1669.236	-224.608	-25.886	1684.478	4	4	
158.481	162.28	1669.986	-224.908	-24.836	1685.245	4	4	
158.598	162.4	1670.436	-224.458	-23.936	1685.618	4	4	
158.76	162.56	1673.436	-219.958	-21.986	1687.973	4	4	
158.869	162.67	1672.536	-220.558	-22.136	1687.161	4	4	
158.986	162.79	1672.836	-220.558	-21.386	1687.448	4	4	
159.103	162.9	1673.736	-221.308	-21.386	1688.439	4	4	
159.218	163.02	1672.836	-220.708	-20.786	1687.46	4	4	
159.331	163.13	1672.686	-221.458	-20.786	1687.41	4	4	
159.499	163.3	1672.836	-220.708	-22.136	1687.478	4	4	
159.621	163.41	1672.836	-221.458	-21.386	1687.566	4	4	
159.738	163.53	1672.536	-221.158	-21.236	1687.228	4	4	
159.851	163.65	1672.986	-221.758	-21.236	1687.752	4	4	
159.967	163.76	1672.986	-220.558	-21.536	1687.599	4	4	
160.116	163.91	1673.136	-220.408	-20.936	1687.72	4	4	
160.228	164.03	1673.886	-219.358	-18.986	1688.304	4	4	
160.341	164.14	1684.536	-206.458	-4.736	1697.147	4	4	
160.453	164.25	1731.186	-197.158	-3.986	1742.381	4	4	
160.569	164.36	1756.086	-213.808	19.264	1769.158	4	4	
160.695	164.49	1769.886	-199.108	38.314	1781.462	4	4	
160.851	164.65	1776.036	-192.658	22.414	1786.595	4	4	
160.968	164.76	1772.886	-173.308	-122.336	1785.532	4	4	
161.086	164.88	1772.436	-176.008	-113.036	1784.736	4	4	
165.725	169.5	213.486	117.392	46.564	248.043	5	4	
165.824	169.61	212.286	117.692	46.564	247.153	5	4	
165.94	169.72	213.336	116.192	45.364	247.124	5	4	
166.088	169.87	213.186	113.042	42.514	245.018	5	4	
166.207	169.99	212.136	113.642	41.164	244.152	5	4	
166.315	170.1	213.786	113.042	42.964	245.619	5	4	
166.432	170.21	212.886	115.292	42.064	245.727	5	4	
166.54	170.33	205.236	118.142	44.014	240.866	5	4	
166.66	170.44	201.336	120.542	43.564	238.672	5	4	
166.795	170.58	198.486	128.642	41.164	240.612	5	4	
166.908	170.69	196.236	134.642	41.164	241.519	5	4	
167.033	170.81	196.536	134.492	41.014	241.653	5	4	
167.14	170.93	196.536	133.742	41.014	241.237	5	4	
167.257	171.04	198.036	132.092	40.714	241.504	5	4	
167.378	171.16	197.136	131.942	41.464	240.607	5	4	
167.536	171.32	199.836	131.042	41.764	242.591	5	4	
167.646	171.43	198.936	131.492	42.214	242.172	5	4	
167.758	171.54	199.086	132.542	41.464	242.738	5	4	
167.873	171.65	199.536	132.392	41.164	242.974	5	4	
167.986	171.77	199.386	132.542	41.764	243.035	5	4	
168.097	171.88	199.836	132.692	42.214	243.564	5	4	
168.255	172.03	199.536	131.792	42.064	242.802	5	4	
168.364	172.15	201.036	132.392	42.064	244.361	5	4	
168.48	172.26	199.536	133.142	41.764	243.486	5	4	
168.591	172.37	199.236	132.842	41.464	243.025	5	4	
168.707	172.49	199.236	132.842	41.764	243.076	5	4	
168.823	172.6	199.836	133.142	41.164	243.63	5	4	
168.974	172.75	199.536	133.742	41.314	243.738	5	4	
169.092	172.87	199.986	132.392	41.614	243.42	5	4	
169.208	172.99	199.536	133.442	41.764	243.65	5	4	
172.862	176.63	19.686	54.092	33.514	66.608	6	4	
172.965	176.74	18.636	55.592	33.814	67.684	6	4	
173.078	176.85	17.286	55.892	34.564	67.951	6	4	
173.189	176.96	18.486	55.142	34.564	67.653	6	4	
173.345	177.12	20.136	54.392	34.714	67.594	6	4	
173.455	177.23	20.136	54.692	34.264	67.606	6	4	
173.567	177.34	21.036	54.842	34.114	67.925	6	4	
173.685	177.45	21.936	54.842	34.564	68.436	6	4	
173.787	177.56	21.486	55.442	33.814	68.402	6	4	
173.906	177.67	21.336	54.992	33.664	67.916	6	4	
174.111	177.88	22.236	55.142	32.914	67.958	6	4	
174.222	177.99	21.486	55.442	33.664	68.328	6	4	
174.336	178.1	21.036	56.342	33.214	68.703	6	4	
174.439	178.21	21.336	55.442	33.664	68.281	6	4	
174.557	178.32	20.886	55.142	33.814	67.972	6	4	
174.669	178.43	20.136	55.592	32.914	67.67	6	4	
174.779	178.55	19.686	56.042	33.814	68.349	6	4	
174.935	178.7	19.686	56.192	33.964	68.546	6	4	
175.044	178.81	20.436	56.792	33.664	69.11	6	4	
175.153	178.92	21.786	55.292	34.714	68.825	6	4	
175.269	179.04	21.786	56.492	33.514	69.203	6	4	
175.385	179.15	21.636	55.892	33.664	68.74	6	4	
175.501	179.27	21.186	55.142	34.114	68.214	6	4	
175.651	179.42	21.036	56.342	33.664	68.921	6	4	
175.767	179.53	21.936	56.192	33.064	68.789	6	4	
175.875	179.64	21.336	56.342	34.264	69.308	6	4	
175.994	179.76	21.336	55.892	34.864	69.243	6	4	
176.104	179.87	21.186	56.342	33.964	69.114	6	4	
176.222	179.99	21.936	56.192	33.964	69.226	6	4	
176.346	180.1	21.336	56.642	33.964	69.405	6	4	
184.132	187.86	-132.414	2.492	14.464	133.224	1	5	
184.228	187.97	-131.214	-1.108	17.764	132.415	1	5	
184.345	188.09	-131.664	-1.708	17.164	132.789	1	5	
184.452	188.2	-131.814	-2.908	17.914	133.057	1	5	
184.574	188.32	-131.514	-4.108	17.914	132.792	1	5	
184.695	188.43	-131.964	-3.208	18.964	133.358	1	5	
184.861	188.6	-130.314	-2.308	18.514	131.642	1	5	
184.977	188.71	-130.464	-3.208	19.564	131.961	1	5	
185.083	188.83	-130.314	-3.658	20.614	131.985	1	5	
185.198	188.94	-129.864	-3.808	19.864	131.429	1	5	
185.323	189.06	-130.914	-4.558	18.814	132.337	1	5	
185.43	189.17	-131.214	-5.008	18.814	132.65	1	5	
185.579	189.32	-130.314	-5.008	18.814	131.76	1	5	
185.69	189.43	-130.164	-4.558	19.414	131.682	1	5	
185.799	189.54	-130.914	-3.508	18.664	132.284	1	5	
185.917	189.66	-131.064	-4.108	18.964	132.492	1	5	
186.039	189.78	-130.764	-4.858	19.114	132.242	1	5	
186.149	189.89	-130.764	-4.708	18.814	132.194	1	5	
186.298	190.04	-130.164	-4.858	18.364	131.542	1	5	
186.414	190.15	-131.664	-4.708	19.114	132.926	1	5	
186.529	190.26	-130.464	-4.558	18.664	131.871	1	5	
186.637	190.38	-131.064	-4.408	18.514	132.438	1	5	
186.763	190.5	-130.164	-4.708	19.114	131.644	1	5	
186.87	190.61	-130.314	-4.108	19.114	131.772	1	5	
187.014	190.75	-130.764	-4.108	19.114	132.217	1	5	
187.128	190.87	-131.064	-3.658	18.514	132.415	1	5	
187.239	190.98	-130.464	-3.658	19.264	131.929	1	5	
187.361	191.1	-131.664	-4.108	17.764	132.92	1	5	
189.405	193.12	-262.764	-129.058	-6.986	292.83	2	5	
189.502	193.23	-263.214	-141.358	-14.636	299.128	2	5	
189.686	193.41	-266.514	-147.508	-22.736	305.459	2	5	
189.795	193.53	-264.714	-149.008	-22.286	304.587	2	5	
189.914	193.65	-265.764	-148.108	-23.186	305.129	2	5	
190.035	193.76	-266.214	-148.708	-24.086	305.882	2	5	
190.154	193.89	-265.914	-148.108	-23.636	305.294	2	5	
190.267	194	-265.764	-148.708	-24.236	305.502	2	5	
190.428	194.15	-266.364	-148.108	-24.086	305.721	2	5	
190.535	194.27	-265.314	-148.558	-24.836	305.086	2	5	
190.652	194.38	-265.164	-149.158	-24.686	305.236	2	5	
190.768	194.5	-265.014	-149.458	-24.836	305.265	2	5	
190.885	194.61	-265.164	-148.108	-24.686	304.724	2	5	
190.995	194.72	-264.864	-149.008	-24.986	304.927	2	5	
191.149	194.88	-264.564	-149.158	-24.836	304.727	2	5	
191.262	194.99	-265.464	-148.858	-24.686	305.351	2	5	
191.378	195.1	-264.714	-148.408	-24.986	304.504	2	5	
191.496	195.22	-264.864	-149.308	-25.736	305.136	2	5	
191.61	195.33	-265.314	-148.708	-25.286	305.196	2	5	
191.726	195.45	-265.014	-148.558	-24.986	304.837	2	5	
191.87	195.59	-264.864	-149.308	-24.836	305.061	2	5	
191.98	195.71	-265.164	-148.408	-26.036	304.983	2	5	
192.104	195.83	-266.364	-149.158	-25.586	306.353	2	5	
192.212	195.94	-265.164	-150.508	-36.986	307.136	2	5	
192.333	196.06	-264.864	-149.308	-37.736	306.381	2	5	
192.534	196.26	-264.564	-149.908	-38.786	306.546	2	5	
192.645	196.37	-265.314	-149.458	-38.186	306.899	2	5	
192.757	196.48	-266.364	-149.608	-37.736	307.825	2	5	
192.877	196.6	-266.964	-148.858	-34.436	307.594	2	5	
192.99	196.71	-267.714	-150.508	-22.436	307.939	2	5	
193.109	196.83	-267.264	-149.308	-32.186	307.829	2	5	
195.79	199.49	-82.164	-570.508	-55.886	579.097	3	5	
195.892	199.61	-123.414	-605.308	-60.236	620.69	3	5	
196	199.72	-121.014	-606.358	-59.636	621.185	3	5	
196.114	199.83	-107.664	-603.208	-78.236	617.715	3	5	
196.232	199.95	-83.964	-575.758	-76.136	586.808	3	5	
196.349	200.07	-77.814	-570.958	-66.086	580.013	3	5	
196.507	200.22	-70.764	-569.908	-62.636	577.69	3	5	
196.617	200.33	-65.514	-567.208	-70.286	575.288	3	5	
196.738	200.45	-68.664	-572.008	-67.286	580.03	3	5	
196.847	200.56	-76.614	-578.308	-67.436	587.245	3	5	
196.958	200.67	-92.064	-592.408	-64.286	602.955	3	5	
197.084	200.79	-111.264	-602.158	-58.886	615.175	3	5	
197.226	200.93	-128.514	-604.558	-61.736	621.142	3	5	
197.334	201.05	-127.914	-605.458	-60.236	621.747	3	5	
197.444	201.16	-122.214	-606.058	-59.036	621.069	3	5	
197.559	201.27	-104.064	-609.058	-54.986	620.326	3	5	
197.689	201.39	-91.464	-617.908	-42.686	626.097	3	5	
197.865	201.58	-83.964	-621.058	-41.186	628.059	3	5	
197.983	201.69	-80.814	-622.408	-46.736	629.37	3	5	
198.093	201.81	-79.764	-625.558	-49.586	632.569	3	5	
198.207	201.92	-81.564	-627.808	-53.636	635.566	3	5	
198.322	202.03	-86.664	-630.208	-54.836	638.498	3	5	
198.431	202.14	-90.114	-630.208	-55.136	639.001	3	5	
198.581	202.29	-90.264	-634.408	-54.986	643.152	3	5	
198.692	202.4	-89.514	-634.708	-56.186	643.446	3	5	
198.807	202.51	-88.314	-635.158	-56.336	643.738	3	5	
198.923	202.63	-90.264	-635.008	-55.886	643.821	3	5	
199.041	202.75	-90.414	-635.158	-55.736	643.977	3	5	
199.159	202.86	-91.764	-635.308	-55.436	644.29	3	5	
199.324	203.03	-89.964	-635.008	-55.736	643.343	3	5	
199.439	203.15	-90.264	-635.458	-55.436	644.226	3	5	
201.66	205.36	320.136	-406.108	12.964	517.28	4	5	
201.775	205.47	317.736	-400.708	7.864	511.453	4	5	
201.893	205.59	317.886	-398.008	3.814	509.388	4	5	
202	205.7	322.986	-393.208	1.564	508.856	4	5	
202.152	205.85	318.636	-382.258	-6.086	497.681	4	5	
202.264	205.97	321.336	-364.408	-7.286	485.904	4	5	
202.382	206.08	329.586	-345.808	-9.536	477.808	4	5	
202.492	206.19	325.536	-348.958	-9.986	477.331	4	5	
202.619	206.31	325.536	-352.108	-9.236	479.623	4	5	
202.726	206.43	323.736	-355.858	-9.386	481.173	4	5	
202.917	206.62	322.836	-356.158	-9.386	480.79	4	5	
203.035	206.73	322.086	-356.608	-9.836	480.63	4	5	
203.162	206.85	322.086	-356.308	-9.386	480.398	4	5	
203.27	206.97	322.386	-357.658	-10.286	481.619	4	5	
203.39	207.09	321.936	-356.758	-10.286	480.65	4	5	
203.507	207.2	321.786	-356.908	-10.136	480.658	4	5	
203.655	207.35	321.936	-356.608	-9.686	480.526	4	5	
203.762	207.46	321.336	-357.208	-9.986	480.576	4	5	
203.88	207.57	322.086	-356.608	-10.436	480.642	4	5	
203.997	207.69	322.836	-356.758	-10.286	481.253	4	5	
204.107	207.81	322.536	-356.008	-9.236	480.475	4	5	
204.225	207.92	322.536	-356.158	-8.636	480.575	4	5	
204.372	208.06	322.386	-356.758	-8.336	480.914	4	5	
204.477	208.17	322.836	-356.458	-7.136	480.974	4	5	
204.598	208.29	322.836	-356.308	-7.136	480.863	4	5	
204.714	208.41	323.286	-356.458	-5.036	481.249	4	5	
204.835	208.53	323.886	-358.258	-3.686	482.974	4	5	
204.953	208.65	323.136	-358.558	-1.886	482.684	4	5	
205.096	208.79	324.786	-358.108	-5.636	483.486	4	5	
208.339	212.01	148.686	-37.408	35.764	157.435	5	5	
208.438	212.13	147.186	-37.258	36.064	156.052	5	5	
208.562	212.25	145.686	-39.958	30.664	154.147	5	5	
208.672	212.36	143.736	-40.858	30.364	152.484	5	5	
208.804	212.48	144.036	-32.158	31.414	150.888	5	5	
208.96	212.65	144.186	-33.808	29.914	151.087	5	5	
209.074	212.76	144.186	-35.458	29.164	151.318	5	5	
209.189	212.87	144.186	-36.958	29.314	152.018	5	5	
209.304	212.98	143.736	-36.658	29.464	151.234	5	5	
209.413	213.1	143.586	-35.908	29.914	151	5	5	
209.524	213.21	144.936	-36.958	29.764	152.506	5	5	
209.677	213.36	143.886	-35.758	30.814	151.43	5	5	
209.788	213.47	144.036	-36.658	30.364	151.697	5	5	
209.901	213.58	143.736	-36.058	29.614	151.119	5	5	
210.022	213.71	144.036	-36.358	29.464	151.447	5	5	
210.139	213.82	144.336	-37.108	30.214	152.061	5	5	
210.25	213.93	145.086	-37.108	29.914	152.714	5	5	
210.401	214.08	143.136	-36.508	30.814	150.898	5	5	
210.512	214.19	144.036	-36.058	30.364	151.553	5	5	
210.621	214.31	144.486	-35.308	30.964	151.926	5	5	
210.739	214.42	143.886	-35.758	30.364	151.339	5	5	
210.855	214.53	144.186	-35.608	31.114	151.741	5	5	
210.963	214.65	143.436	-35.908	31.414	151.162	5	5	
211.123	214.81	144.186	-35.008	30.664	151.51	5	5	
211.238	214.92	143.736	-35.308	31.414	151.306	5	5	
211.349	215.03	143.286	-35.308	32.164	151.036	5	5	
211.469	215.14	144.036	-35.158	31.864	151.65	5	5	
211.581	215.26	143.436	-35.308	30.964	150.928	5	5	
214.517	218.19	39.486	14.942	34.564	54.562	6	5	
214.686	218.36	40.536	13.442	33.664	53.971	6	5	
214.791	218.47	40.986	13.292	33.214	54.403	6	5	
214.905	218.58	40.536	12.992	32.164	53.352	6	5	
215.016	218.69	41.136	12.392	32.164	53.668	6	5	
215.125	218.8	40.536	13.142	32.464	53.57	6	5	
215.24	218.91	40.686	12.092	33.064	53.803	6	5	
215.349	219.02	41.736	12.992	33.214	54.898	6	5	
215.501	219.17	41.436	13.142	32.614	54.344	6	5	
215.607	219.28	40.536	13.592	32.464	53.682	6	5	
215.719	219.39	40.686	13.142	32.314	53.593	6	5	
215.834	219.5	41.136	12.842	33.064	54.316	6	5	
215.949	219.61	40.386	12.992	33.064	53.787	6	5	
216.055	219.73	41.436	13.292	32.314	54.201	6	5	
216.2	219.87	40.236	13.592	32.764	53.639	6	5	
216.314	219.98	41.436	12.842	33.514	54.818	6	5	
216.419	220.09	40.836	12.092	33.064	53.916	6	5	
216.533	220.2	41.136	13.742	32.914	54.445	6	5	
216.64	220.31	40.536	12.392	32.914	53.666	6	5	
216.763	220.42	41.286	12.842	32.914	54.339	6	5	
216.865	220.53	39.936	12.542	32.464	52.972	6	5	
217.016	220.68	40.836	12.992	33.514	54.401	6	5	
217.134	220.79	39.786	13.442	33.214	53.542	6	5	
217.24	220.91	40.386	12.692	32.464	53.348	6	5	
217.351	221.01	40.086	12.542	32.914	53.362	6	5	
217.459	221.13	40.386	13.292	32.314	53.403	6	5	
217.572	221.24	40.836	13.742	33.364	54.493	6	5	
217.69	221.35	39.636	12.692	33.214	53.282	6	5	
217.873	221.53	40.086	13.442	32.914	53.58	6	5	
217.988	221.65	39.186	13.442	32.914	52.91	6	5	
218.101	221.77	39.786	12.692	33.364	53.452	6	5	
218.217	221.88	40.236	13.442	33.364	53.97	6	5	
218.333	221.99	40.386	14.492	33.214	54.26	6	5	